{"initial_reset_timestamp": 1542282799.7139692, "timestamps": [1542282799.8235774, 1542282799.9399667, 1542282799.9484186, 1542282799.9547446, 1542282799.9639897], "episode_lengths": [81, 28, 15, 19, 32], "episode_rewards": [81.0, 28.0, 15.0, 19.0, 32.0], "episode_types": ["t", "t", "t", "t", "t", "t"]}